fuente,duracion_min,periodo_retorno_anios,metodo,intensidad_mm_h,intensidad_estacion_mm_h,diferencia_vs_estacion_pct
cmorph,30,2,Gumbel,34.23968225606981,54.19542664194058,-36.82182357879527
estacion,30,2,Gumbel,54.19542664194058,54.19542664194058,0.0
imerg,30,2,Gumbel,24.56516623723694,54.19542664194058,-54.67299039910771
cmorph,60,2,Gumbel,23.328055676659694,32.62240744499819,-28.49069856051824
estacion,60,2,Gumbel,32.62240744499819,32.62240744499819,0.0
imerg,60,2,Gumbel,19.4455087562998,32.62240744499819,-40.39217127342552
cmorph,120,2,Gumbel,16.24967435130181,18.26465557707457,-11.032133714593147
estacion,120,2,Gumbel,18.26465557707457,18.26465557707457,0.0
imerg,120,2,Gumbel,14.65765113176003,18.26465557707457,-19.74854893974557
cmorph,360,2,Gumbel,8.525021722053614,7.472265968909885,14.088842093201261
estacion,360,2,Gumbel,7.472265968909885,7.472265968909885,0.0
imerg,360,2,Gumbel,7.340426667798797,7.472265968909885,-1.76438180412256
cmorph,1440,2,Gumbel,2.9183105659786586,2.4771246539998484,17.81040414201284
estacion,1440,2,Gumbel,2.4771246539998484,2.4771246539998484,0.0
imerg,1440,2,Gumbel,2.6924550403406173,2.4771246539998484,8.692755368328838
cmorph,30,10,Gumbel,59.160571167595975,62.640682961712905,-5.555673453056116
estacion,30,10,Gumbel,62.640682961712905,62.640682961712905,0.0
imerg,30,10,Gumbel,40.022346549625425,62.640682961712905,-36.10806163450071
cmorph,60,10,Gumbel,34.472280642092706,38.85945392051886,-11.289847992716146
estacion,60,10,Gumbel,38.85945392051886,38.85945392051886,0.0
imerg,60,10,Gumbel,28.99868703906482,38.85945392051886,-25.375464363505333
cmorph,120,10,Gumbel,25.942192707710532,25.286275331981617,2.5939659642134916
estacion,120,10,Gumbel,25.286275331981617,25.286275331981617,0.0
imerg,120,10,Gumbel,22.260460199219214,25.286275331981617,-11.96623501499016
cmorph,360,10,Gumbel,14.228321445356663,9.746815724260683,45.9791776912445
estacion,360,10,Gumbel,9.746815724260683,9.746815724260683,0.0
imerg,360,10,Gumbel,10.440563218971871,9.746815724260683,7.117683501334585
cmorph,1440,10,Gumbel,4.307506637766975,3.2255485293177815,33.54338335371544
estacion,1440,10,Gumbel,3.2255485293177815,3.2255485293177815,0.0
imerg,1440,10,Gumbel,3.6960903745508586,3.2255485293177815,14.587963596151473
cmorph,30,25,Gumbel,71.70355896468116,66.89128362600813,7.194174005657684
estacion,30,25,Gumbel,66.89128362600813,66.89128362600813,0.0
imerg,30,25,Gumbel,47.80213420984661,66.89128362600813,-28.53757377850562
cmorph,60,25,Gumbel,40.081305193570394,41.99863559698491,-4.565220693865024
estacion,60,25,Gumbel,41.99863559698491,41.99863559698491,0.0
imerg,60,25,Gumbel,33.80691836056798,41.99863559698491,-19.504722284371113
cmorph,120,25,Gumbel,30.820555590313404,28.820342323502018,6.940282819542637
estacion,120,25,Gumbel,28.820342323502018,28.820342323502018,0.0
imerg,120,25,Gumbel,26.087046870957206,28.820342323502018,-9.483910433346594
cmorph,360,25,Gumbel,17.09886186173094,10.891624399686096,56.99092471664502
estacion,360,25,Gumbel,10.891624399686096,10.891624399686096,0.0
imerg,360,25,Gumbel,12.000899813252701,10.891624399686096,10.184664590513929
cmorph,1440,25,Gumbel,5.00670598968658,3.6022394077405906,38.988707383746714
estacion,1440,25,Gumbel,3.6022394077405906,3.6022394077405906,0.0
imerg,1440,25,Gumbel,4.201232297634518,3.6022394077405906,16.628347594188078
cmorph,30,2,Weibull empírico,32.13126820667437,55.28634478068208,-41.882089810535746
estacion,30,2,Weibull empírico,55.28634478068208,55.28634478068208,0.0
imerg,30,2,Weibull empírico,23.89543429865863,55.28634478068208,-56.77877712217996
cmorph,60,2,Weibull empírico,21.963006220963706,32.64772413011369,-32.72729782501006
estacion,60,2,Weibull empírico,32.64772413011369,32.64772413011369,0.0
imerg,60,2,Weibull empírico,19.56508861240409,32.64772413011369,-40.072121001667014
cmorph,120,2,Weibull empírico,15.20368247124863,17.819310325284196,-14.678614414858673
estacion,120,2,Weibull empírico,17.819310325284196,17.819310325284196,0.0
imerg,120,2,Weibull empírico,15.950320308267704,17.819310325284196,-10.488565398429266
cmorph,360,2,Weibull empírico,8.357907782433301,7.813632173484904,6.965718335134385
estacion,360,2,Weibull empírico,7.813632173484904,7.813632173484904,0.0
imerg,360,2,Weibull empírico,7.788436516674044,7.813632173484904,-0.32245767719089674
cmorph,1440,2,Weibull empírico,3.04805626211973,2.6252816030066612,16.103973708149123
estacion,1440,2,Weibull empírico,2.6252816030066612,2.6252816030066612,0.0
imerg,1440,2,Weibull empírico,2.8683861071008354,2.6252816030066612,9.260130563355695
cmorph,30,10,Weibull empírico,74.89089288489492,63.30498731450026,18.30172639137528
estacion,30,10,Weibull empírico,63.30498731450026,63.30498731450026,0.0
imerg,30,10,Weibull empírico,49.31668801383212,63.30498731450026,-22.0966781513975
cmorph,60,10,Weibull empírico,39.15530289778144,39.78999718100007,-1.5951101487428565
estacion,60,10,Weibull empírico,39.78999718100007,39.78999718100007,0.0
imerg,60,10,Weibull empírico,31.569744382524746,39.78999718100007,-20.659093694031565
cmorph,120,10,Weibull empírico,31.510255967505344,30.114961943500706,4.633225260660723
estacion,120,10,Weibull empírico,30.114961943500706,30.114961943500706,0.0
imerg,120,10,Weibull empírico,25.660065429648707,30.114961943500706,-14.79296743661812
cmorph,360,10,Weibull empírico,18.25681139691126,10.423743774708448,75.14639453445221
estacion,360,10,Weibull empírico,10.423743774708448,10.423743774708448,0.0
imerg,360,10,Weibull empírico,10.78566331751628,10.423743774708448,3.4720686792587037
cmorph,1440,10,Weibull empírico,4.761950100023705,3.3363013051718893,42.731416153624785
estacion,1440,10,Weibull empírico,3.3363013051718893,3.3363013051718893,0.0
imerg,1440,10,Weibull empírico,3.7670866326630885,3.3363013051718893,12.912063032898189
cmorph,30,25,Weibull empírico,,,
estacion,30,25,Weibull empírico,,,
imerg,30,25,Weibull empírico,,,
cmorph,60,25,Weibull empírico,,,
estacion,60,25,Weibull empírico,,,
imerg,60,25,Weibull empírico,,,
cmorph,120,25,Weibull empírico,,,
estacion,120,25,Weibull empírico,,,
imerg,120,25,Weibull empírico,,,
cmorph,360,25,Weibull empírico,,,
estacion,360,25,Weibull empírico,,,
imerg,360,25,Weibull empírico,,,
cmorph,1440,25,Weibull empírico,,,
estacion,1440,25,Weibull empírico,,,
imerg,1440,25,Weibull empírico,,,
